标题,作者,点赞,点击,评论,收藏
【秦彻】驯,Kissmehardbfugo,"1,174","35,990",108,47
【秦彻】吻,ciliiii,207,"8,236",7,3
【秦彻】欲,NOID96,195,"8,191",14,4
【秦彻】秦彻适合hate fuck,SylviaYu,315,"32,836",0,2
秦彻【互助】,Dmoyu,105,"6,617",0,3
秦彻｜咒文,Dionysus_655321,90,"4,668",4,2
彻影雾踪【秦彻】,FSSSSS,364,"19,142",9,13
水雾【秦彻】,Chunxi777,35,"2,331",0,0
[秦彻]缠木,Lotusall0009,9,"3,746",0,0
秦彻【驯服】,Dmoyu,28,"2,076",0,1
【秦彻】初遇,cherry000,13,839,0,0
【秦彻】氤氲,ppyzh,57,"5,943",2,1
【秦彻】吃醋,SkeletonRain,293,"14,066",14,28
【秦彻】暮钟,Demon_fei,22,855,1,0
【秦彻】擦枪,cherry000,30,"4,918",0,2
【秦彻】吃醋,dididididili,751,"33,103",51,28
【秦彻】脱轨,chuntang,"1,644","34,278",21,72
【秦彻】锁链,Eieca,656,"43,994",5,25
【秦彻】夏天,LiMeiKong,9,179,2,0
【秦彻】兜风,Ariscogem,330,"12,780",128,36
【秦彻】初遇,cherry000,13,839,0,0
【秦彻】氤氲,ppyzh,57,"5,943",2,1
【秦彻】吃醋,SkeletonRain,293,"14,066",14,28
【秦彻】暮钟,Demon_fei,22,855,1,0
【秦彻】擦枪,cherry000,30,"4,918",0,2
【秦彻】吃醋,dididididili,751,"33,103",51,28
【秦彻】脱轨,chuntang,"1,644","34,278",21,72
水雾【秦彻】,Chunxi777,35,"2,331",0,0
[秦彻]缠木,Lotusall0009,9,"3,746",0,0
【秦彻】夏天,LiMeiKong,9,179,2,0
【秦彻】兜风,Ariscogem,330,"12,780",128,36
【秦彻】失控,Fei_li,174,"9,213",16,12
【秦彻】盛宴,yoyoyo369,265,"20,737",16,8
【秦彻】锁链,Eieca,656,"43,994",5,25
秦彻【吃醋】,Dmoyu,12,"2,192",0,1
秦彻【融冰】,Dmoyu,22,"1,641",0,1
【秦彻】电话,Gulu018,41,"3,531",0,2
【秦彻】微醺,yumpkklilo,370,"16,483",10,22
【秦彻】花糜,wanzeshi,34,"5,858",0,1
【秦彻】烈女,oolongoyster_talk0525,164,"3,784",40,7
【秦彻】初遇,cherry000,13,839,0,0
【秦彻】氤氲,ppyzh,57,"5,943",2,1
【秦彻】吃醋,SkeletonRain,293,"14,066",14,28
【秦彻】暮钟,Demon_fei,22,855,1,0
【秦彻】擦枪,cherry000,30,"4,918",0,2
【秦彻】吃醋,dididididili,751,"33,103",51,28
【秦彻】脱轨,chuntang,"1,644","34,278",21,72
【秦彻】Sugar daddy,蟹黄包里全是黄 (xhblqsh),109,"4,441",10,5
【秦彻】洗澡,蟹黄包里全是黄 (xhblqsh),161,"7,003",1,13
【秦彻】示弱,S_u_S,51,902,7,4
【秦彻】浴室,SHUTONG1110,204,"9,744",5,24
【秦彻】反攻,ppyzh,77,"4,850",3,6
【秦彻】i'm yours,NIANQ,43,"1,090",0,4
【秦彻】细雪,roofinblue,260,"3,930",47,10
［秦彻］开苞,BurningRum,863,"47,971",31,52
【秦彻】嫂子,wanzeshi,319,"20,528",6,13
【秦彻】烈女,oolongoyster_talk0525,164,"3,784",40,7
【秦彻】前夜,GuanRushi,41,"1,535",0,2
【秦彻】囚徒,qianyejihe,139,"12,210",8,7
【秦彻】狼狱,MJ_Spring,335,"9,959",28,15
【秦彻】失控,Fei_li,174,"9,213",16,12
【秦彻】盛宴,yoyoyo369,265,"20,737",16,8
【秦彻】越界,Prisoner4011,16,214,0,1
【秦彻】养父,MALAXIANGGUO,37,"2,292",2,0
【秦彻】窟窿,Shifeng07,10,"1,073",0,1
【秦彻】Under Wings,lanangelica,84,"2,908",8,4
【秦彻】炉火,1Mingzhu,4,251,0,0
【秦彻】赌约,Dmoyu,20,695,0,1
【秦彻】驯服,44lifeff,99,"2,485",6,7
【秦彻】雨夜,mianmianice,88,"4,088",1,3
【秦彻】失控,GuanRushi,9,521,1,0
【秦彻】异地,SkeletonRain,431,"16,637",23,33
【秦彻】秦彻x不设防禁锢,Jinmuzi,49,"6,903",2,1
【秦彻】樊笼,SLNightstar,56,"1,683",6,1
【秦彻】囚心,柒夜月融融 (QYYRR),32,"1,441",0,0
【秦彻】Let's make a deal[秦彻X你],waapalaa,1,248,0,0
【秦彻】狩猎者,An0221,434,"13,025",16,17
【秦彻】龙的心,Sugardot,17,587,3,2
【秦彻】下午好,ciliiii,13,317,2,0
【秦彻】越线（下）,Thalia_huhna,161,"4,907",10,16
【秦彻】In a haze,S_u_S,20,974,2,0
秦彻x你【FALLING】,maobude,630,"22,290",55,41
【秦彻】越线（下）,Thalia_huhna,161,"4,907",10,16
【秦彻】未亡人,Fei_li,73,"4,026",6,1
【秦彻×你】血偿,Lililianhan,106,"10,751",2,4
【秦彻】苞谷地,reunion_caca,53,"1,313",24,7
【秦彻】偷情（一）,wanzeshi,108,"11,473",1,1
【秦彻×你】秦彻不要看，是恶评！,yume00,65,"1,585",4,0
【秦彻×你】初夜,Bing_bingjiang,12,779,0,0
【秦彻】越线（上）,Thalia_huhna,144,"6,366",39,20
【秦彻GB】托孤,Xanthe_shanse,17,645,4,0
【秦彻×你】赌徒,4399www,6,246,2,0
【秦彻】龙舌兰,Overeverything,14,651,0,0
【秦彻】跟踪狂,Gulu018,90,"4,540",5,5
秦彻丨渡鸦,kitt_Tuski,148,"10,824",3,4
【秦彻】允许秦彻做我的主人,skklz,48,"4,163",7,5
【秦彻】愿你清醒,Yennethlus,11,480,1,2
【秦彻】没名没分,AA1XY1AA,189,"8,671",12,14
【秦彻x你】穿刺,Lycanax,21,"2,622",3,1
【秦彻】到处口口,Dorittt,154,"16,471",3,4
【秦彻】In a haze,S_u_S,20,974,2,0
秦彻x你【FALLING】,maobude,630,"22,290",55,41
【秦彻】在逃夫妇,Atlantics,102,"4,749",5,11
【秦彻】预制菜（车）,DrifticeLingSi,29,"4,056",0,0
【秦彻】三日谈,roofinblue,50,"1,373",15,1
【秦彻】撑不撑？,Welcomewelcome,64,"5,561",4,3
【秦彻】【ABO】诱捕,ran08200,437,"17,741",17,41
【秦彻】皮衣bdsm,aimu521,1,446,0,0
【秦彻】不死骨,Gulu018,12,602,0,1
【秦彻】霓虹灯,1Mingzhu,10,715,1,0
【秦彻】藤缠树,Raven_Dust,20,764,4,1
【秦彻】Sing for sin,Pyggouret,32,"1,590",6,0
【秦彻】Love&Hatred,Cheestella13,48,"5,291",0,0
【秦彻x你】First Kiss,duelo717,0,179,0,0
【秦彻】破镜重圆,PinkPanther_GC,171,"5,468",7,18
【秦彻】低温烫伤,SherrinY,15,764,6,0
【秦彻×你】初夜,Bing_bingjiang,12,779,0,0
【秦彻】越线（上）,Thalia_huhna,144,"6,366",39,20
秦彻·若爱存在,Gabi2333,18,727,0,0
【秦彻】赤色酒神,banana_ya,13,"1,009",6,2
【秦彻x你】First Kiss,duelo717,0,179,0,0
【秦彻】破镜重圆,PinkPanther_GC,171,"5,468",7,18
【秦彻】低温烫伤,SherrinY,15,764,6,0
【秦彻x你】欲燃,suyuei,133,"4,812",3,5
困兽-秦彻x你,CheRin0Dee,3,524,0,0
【秦彻】偷玩被抓,Gobagel,87,"7,179",0,2
【秦彻】母狮般的,BitterBiter20,19,251,2,2
【秦彻】街头巷尾,yikuaiwuhuarou,38,893,17,1
化龙(秦彻✖️你),24731,17,866,0,1
【秦彻】月色失控,shuangyan,229,"6,205",26,25
【秦彻】疯癫神明,JessiW,10,645,4,1
【秦彻】非典型cliche,RoseInGlendalough,45,"1,640",5,6
【秦彻】为了生命,未找到作者,35,"2,284",7,6
【秦彻】（GB）座下狗,mickiah,269,"7,561",17,23
【秦彻x你】俯首,Lycanax,113,"7,526",5,8
【秦彻】你拒绝了秦彻的爱爱申请,tttlokkeee,60,"3,617",4,4
【秦彻】短篇合集,Overeverything,55,"1,439",0,2
【秦彻】顺其自然,olaxxx,31,770,2,4
【秦彻x你】my cake,Lycanax,33,"2,023",4,1
【秦彻】狩猎时间,Fei_li,23,"5,187",0,0
【秦彻】神秘代码,SakaeRR,3,243,0,0
【秦彻】异常共鸣,furaido_poteto,5,454,0,0
【秦彻】醉后情迷,lchliebedich,71,"5,702",6,3
【秦彻】When the Night Falls,splashie,71,"2,968",4,7
【秦彻】同态复仇,Ashac654321,85,"2,219",17,1
【秦彻】绝对侵占,Sally_Joy,14,738,0,1
【秦彻】七杀桃花,oolongoyster_talk0525,27,473,14,1
【秦彻】不眠之夜,Breathe_07041227,20,883,0,4
【秦彻】相互臣服,Sugardot,76,"1,244",15,7
【秦彻】初入N109区,cherry000,13,"1,217",0,1
【秦彻】欲望之杯,RoseInGlendalough,181,"7,770",7,21
【秦彻】失控交易,Chu221,445,"18,433",25,59
【秦彻*你】请看summary,roofinblue,273,"15,688",5,17
【秦彻x你】和秦彻是炮友但他走心,Beka0216,177,"8,455",0,5
【秦彻】吞之入腹,SHUTONG1110,46,"2,044",2,4
【秦彻】暧昧气泡,LilyL_216,57,"2,262",2,2
反拧巴侠秦彻,sweetmoisten,21,380,13,1
【秦彻】夜游之章,Sjnbgrs,9,631,0,0
秦彻｜狩猎游戏,paofu0902,24,"1,718",1,0
【秦彻】水仙百合,Eieca,75,"3,504",1,0
【秦彻*你】请看summary,roofinblue,273,"15,688",5,17
【秦彻】吞之入腹,SHUTONG1110,46,"2,044",2,4
【秦彻】暧昧气泡,LilyL_216,57,"2,262",2,2
反拧巴侠秦彻,sweetmoisten,21,380,13,1
【秦彻】夜游之章,Sjnbgrs,9,631,0,0
秦彻｜狩猎游戏,paofu0902,24,"1,718",1,0
【秦彻】水仙百合,Eieca,75,"3,504",1,0
【秦彻】初次春华,PinkPanther_GC,38,"1,373",0,2
【秦彻】床笫之争,fynqic (oxnzlta),19,"1,303",1,1
【秦彻】苍穹如墨,Antova0106,51,"2,505",0,7
【秦彻】 寂夜温存,YanS_27227,180,"6,497",6,10
【秦彻】短打合集,lanangelica,107,"7,195",1,4
和秦彻成为死敌,MaoCiao,3,306,0,0
【秦彻×我】深入了解,yume00,18,"1,124",3,1
秦彻预制菜｜爽吗,withAshuu,71,"4,759",8,2
【秦彻x你】欲燃,suyuei,133,"4,812",3,5
困兽-秦彻x你,CheRin0Dee,3,524,0,0
【秦彻】偷玩被抓,Gobagel,87,"7,179",0,2
【秦彻x你】微醺,JiangTunan,17,800,1,0
【秦彻】口腹之欲,OlawuA,18,"1,291",1,1
【秦彻】在逃夫妇,Atlantics,102,"4,749",5,11
【秦彻】预制菜（车）,DrifticeLingSi,29,"4,056",0,0
【秦彻x你】欲燃,suyuei,133,"4,812",3,5
困兽-秦彻x你,CheRin0Dee,3,524,0,0
【秦彻】偷玩被抓,Gobagel,87,"7,179",0,2
【秦彻】和秦彻热恋时穿回初次见面,yukuai21,29,656,3,1
【秦彻】双向挑逗,wuxinhao,31,"1,049",6,3
【秦彻】训狗文学,Xiaoyuhashair,11,619,2,1
【秦彻✖️你】臣服,24731,14,"1,177",0,1
【秦彻】假日玩法,Eieca,212,"17,197",0,6
【秦彻】夏日清梦,cindyyy6,19,"1,005",0,0
狭路｜秦彻x你,Kagayakukoneko,87,"2,235",10,10
【秦彻】困兽犹斗,jokulmorri,47,"2,749",11,2
【秦彻】禁猎之猎,Ashac654321,72,"1,766",58,4
【秦彻】遗落黑羽,BubbleQ,78,"3,450",4,11
【秦彻x你】主人,agrocybe,156,"16,288",10,10
【秦彻】吞之入腹,SHUTONG1110,46,"2,044",2,4
【秦彻】暧昧气泡,LilyL_216,57,"2,262",2,2
反拧巴侠秦彻,sweetmoisten,21,380,13,1
【秦彻】夜游之章,Sjnbgrs,9,631,0,0
【秦彻】和秦彻热恋时穿回初次见面,yukuai21,29,656,3,1
【秦彻】野犬难训R,Putaonut,49,"2,433",0,1
【秦彻×你】午夜情事,loriiy,63,"11,286",2,2
【秦彻】夏日清梦,cindyyy6,19,"1,005",0,0
狭路｜秦彻x你,Kagayakukoneko,87,"2,235",10,10
【秦彻】困兽犹斗,jokulmorri,47,"2,749",11,2
【秦彻】禁猎之猎,Ashac654321,72,"1,766",58,4
【秦彻】遗落黑羽,BubbleQ,78,"3,450",4,11
【秦彻x你】主人,agrocybe,156,"16,288",10,10
「秦彻GB」缠绕蛇线,jo_jolove,48,"1,348",11,2
早操 秦彻x你,Doublemu,24,759,3,0
【秦彻】两级反转,SERTYYE,1,168,0,0
【秦彻】身体接触,GreenHeadFish,66,837,4,5
秦彻·食色性也,Reine_Renee,18,"1,051",0,1
【秦彻】神秘代码,SakaeRR,3,243,0,0
【秦彻】异常共鸣,furaido_poteto,5,454,0,0
【秦彻】醉后情迷,lchliebedich,71,"5,702",6,3
【秦彻】When the Night Falls,splashie,71,"2,968",4,7
【秦彻】同态复仇,Ashac654321,85,"2,219",17,1
【秦彻】反浪漫迁徙,HELLOCRISS,0,23,0,0
「秦彻GB」缠绕蛇线,jo_jolove,48,"1,348",11,2
【秦彻】以色侍情人,GuanRushi,18,"1,017",2,0
【秦彻】玩具的惩罚,DrifticeLingSi,26,"2,240",2,1
【秦彻】反浪漫迁徙,HELLOCRISS,0,23,0,0
【秦彻】暗夜郊窟行,Cookie_coco999,6,330,0,0
【秦彻×你】在劫难逃,Elena_666,37,"3,728",4,3
当你玩弄小秦彻,Sakura_yun,2,409,0,0
【秦彻】单刀赴会 上,cahillkay1225,0,176,0,0
【秦彻】当失明之后,Orange_Rose0306,23,853,2,2
【秦彻】风呼啸而来,roofinblue,35,946,13,2
【秦彻X你】寒鸦渡,Foxyie_CzlhyA,6,116,1,1
【秦彻/你】擦枪走火,MJJ966,54,"3,862",0,2
与秦彻一夜情后,Kaka_en,10,"3,002",0,0
【秦彻】生理性喜欢,coinono,28,637,3,0
秦彻｜今夜不设防,kagi4219,105,"3,462",14,14
【秦彻*你】诱导标记,OrangeSoda_1994,67,"4,381",0,3
【秦彻X你】坏小狗,chocolatte2,13,"2,875",1,0
【恋与深空 秦彻】暗点金牌健身教练秦彻,aimu521,18,"3,811",0,0
【秦彻】黑夜与白昼,summer6,45,"1,705",6,0
秦彻丨大雪将至,Vellichor927,1,592,0,0
【秦彻】先婚后做爱,tttlokkeee,78,"2,870",6,4
【秦彻】炮友转正记,cindyyy6,28,"1,370",2,3
【秦彻】乌鸦直播间,RoseInGlendalough,106,"2,283",13,19
【秦彻*你】荆棘囚笼,OrangeSoda_1994,187,"6,510",24,7
【恋与深空 秦彻】暗点金牌健身教练秦彻,aimu521,18,"3,811",0,0
【你×秦彻】不设防雨夜,Timefordinner,77,"2,320",20,6
刀尖子弹（秦彻x你）,pumpkinspecimen,29,966,4,0
【秦彻】单刀赴会 中,cahillkay1225,2,197,0,0
【秦彻×你】当秦彻看见你和别人的亲亲卡…,Hwww,25,"2,506",0,1
【秦彻×你】过失交易,momiya672,29,981,0,2
【秦彻】以弱侍情人,GuanRushi,13,554,3,0
当你玩弄小秦彻,Sakura_yun,2,409,0,0
【秦彻】单刀赴会 上,cahillkay1225,0,176,0,0
【秦彻】当失明之后,Orange_Rose0306,23,853,2,2
【秦彻】风呼啸而来,roofinblue,35,946,13,2
【秦彻】奶油和苏打,Goldfishdrew,7,221,0,1
【秦彻×你】怨恋与共,huisetuanzi,72,"5,170",0,0
【秦彻GB】荆棘玫瑰,linezone,39,"1,007",8,5
【秦彻】忘不了爱你,SHUTONG1110,31,782,3,1
[秦彻]不设防禁区,BurningRum,271,"15,255",15,19
【秦彻/你】缘尽归尘,Nora_ausleben,0,92,0,0
【秦彻GB】同类相依,SherrinY,40,"3,013",2,1
【秦彻】炮友转正记,cindyyy6,28,"1,370",2,3
【秦彻】乌鸦直播间,RoseInGlendalough,106,"2,283",13,19
【秦彻*你】荆棘囚笼,OrangeSoda_1994,187,"6,510",24,7
【秦彻】理智与失控,Amuyasi,22,"1,385",0,1
【秦彻】猎物来敲门,liekoujuchang,12,480,0,0
【秦彻*你】国王游戏,OrangeSoda_1994,25,"2,064",3,2
【秦彻】潜伏失败后,aichihuojimian,287,"18,297",20,17
束缚的爱(秦彻✖️你),24731,8,301,0,0
【秦皇汉武/彻政】陷落,LanternZhao,141,"7,180",4,17
[恋与深空-秦彻]深潮,adline,87,"5,401",4,4
【秦彻】鸟与猫 / Birdie and Pussy,反派牙齿 (ToothTheAntagonist),19,"2,263",1,1
【秦彻】How to Develop Film at Home,lanangelica,16,749,2,1
【秦彻x你】他的小猫,Effilist,79,"2,131",23,4
【秦彻】宠物养成游戏,cherry000,8,896,0,0
【恋与深空】秦彻 烈马,yangsuijun,20,"1,506",0,1
【秦彻x你】猫鼠游戏,SugarDowney,29,"1,245",1,0
【秦彻】今夜寂静时分,TooMuchToBreathe,10,559,0,0
【秦彻x你】末日之吻,JiangTunan,8,500,0,0
【秦彻x你】午后缠绵,JiangTunan,27,"1,361",0,0
【秦彻x你】 愿赌服输,Shu_zi,18,845,6,1
【我x秦彻】空心心脏,Reneesoo,15,559,0,1
【秦彻x你】末路狂欢,duelo717,10,476,1,1
【秦彻x你】末日之吻,JiangTunan,8,500,0,0
【秦彻/黎深x你】🦋黎深是丈夫，秦彻是情夫,YuffieZ,964,"25,711",200,77
秦彻会喜欢的通感,Nana_Sylus,34,"1,285",3,0
[恋与深空-秦彻]深吻,adline,67,"2,761",10,0
【恋与深空 秦彻】缚网,Riverxc,163,"6,657",27,4
【秦彻 x 你】分手后，你收到了秦彻送的戒指,SugarDowney,35,731,0,5
他是龙：秦彻的秘密,MaoCiao,3,263,0,0
【秦彻x你】爱而不得,agrocybe,91,"5,841",4,8
【秦彻乙女】姐弟短打,NeverRain,22,645,2,0
【秦彻】成为前夫之后,SeitundZeit1926,"1,040","29,587",43,153
【秦彻x你】礼尚往来,Doublemu,47,"1,072",0,1
秦彻，去唱卡拉ok吧！,Drabbit,7,237,2,0
「秦彻x你」甘愿为奴,Yaxiangxiang,21,843,0,0
秦彻x你 破晓狂欢,Riperrrr,36,"1,016",4,1
【秦彻x你】失落孤洲,duelo717,11,410,2,1
【秦彻x你】夜色欲晓,NymphC,24,931,0,1
【恋与深空】秦彻 烈马,yangsuijun,20,"1,506",0,1
【秦彻x你】猫鼠游戏,SugarDowney,29,"1,245",1,0
【秦彻】今夜寂静时分,TooMuchToBreathe,10,559,0,0
【秦彻X你】疯子文学,killeryuki,20,"1,372",2,3
【秦彻×你】非典型任务,Beiyun,42,"1,278",4,3
【秦彻】当你是卧底（二）,wanzeshi,17,"5,024",0,0
【你X秦彻】小狗文学,chocolatte2,24,"1,345",0,1
错位相爱 秦彻x你,Doublemu,34,532,1,0
【秦彻】乌龟寻找专家,brain_blood_entrails,8,117,0,0
一些秦彻的小甜饼,SGdanzi,43,655,2,0
【秦彻x你】暴雨以后,duelo717,10,312,1,0
【秦彻*我】阿尔忒弥斯,flame0A0,8,308,2,1
【秦彻x你】渐进自由,Qingxi_amy,73,"4,159",4,6
【秦彻X你】放置疗法,TTTuNNN,187,"13,849",4,16
【秦彻】当你是卧底（一）,wanzeshi,13,"3,099",1,0
【秦彻×你】给小猫顺毛,Kartoffel_f,109,"2,976",4,10
秦彻会喜欢的通感,Nana_Sylus,34,"1,285",3,0
[恋与深空-秦彻]深吻,adline,67,"2,761",10,0
【恋与深空 秦彻】缚网,Riverxc,163,"6,657",27,4
「秦彻x你」甘愿为奴,Yaxiangxiang,21,843,0,0
【秦彻x你】失落孤洲,duelo717,11,410,2,1
【秦彻x你】夜色欲晓,NymphC,24,931,0,1
秦彻和你的第一次,lotus_pine,31,"1,636",1,0
冲击Anglit极源【秦彻/ABO】,FSSSSS,5,261,0,0
【秦彻】强扭的瓜很甜,Dragonape,23,611,0,2
与鸦共舞（秦彻x你）,Mouherio,14,632,0,2
【秦彻/黎深x你】🦋黎深是丈夫，秦彻是情夫,YuffieZ,964,"25,711",200,77
雨落后温存 秦彻x你,BigBabol_7,7,170,0,1
【秦彻】午夜场短打合集,yikuaiwuhuarou,200,"6,395",13,14
秦彻✖️我 那个人是谁,ying55,7,490,0,1
【秦彻】羽毛是定情信物,TooMuchToBreathe,74,"4,881",2,1
【秦彻乙女】姐弟短打,NeverRain,22,645,2,0
【秦彻】成为前夫之后,SeitundZeit1926,"1,040","29,587",43,153
【秦彻】炮友变联姻对象,Gulu018,22,"1,009",2,0
七日淫乱之旅DAY6【秦彻】,Alostland,20,"3,943",0,3
恋与深空/秦彻·掠夺禁区,xi_ye,2,285,0,0
【秦彻】今夜请留在我身边,angelmeEEE,75,"6,792",1,3
看得见的爱（秦彻X你）,malayatoutou,8,463,0,0
【秦彻x你】你还爱我吗,Gobagel,30,789,2,0
【你x秦彻】马犬的日常,Hezoe_523,36,"3,945",2,1
雨落后温存 秦彻x你,BigBabol_7,7,170,0,1
【秦彻】午夜场短打合集,yikuaiwuhuarou,200,"6,395",13,14
【秦彻×我】爱尔兰不落雨,LMoon_down,106,"3,715",15,13
【秦彻】炮友变联姻对象,Gulu018,22,"1,009",2,0
七日淫乱之旅DAY6【秦彻】,Alostland,20,"3,943",0,3
看得见的爱（秦彻X你）,malayatoutou,8,463,0,0
【秦彻×你】夜袭之章后续,yuyue330,40,"1,770",1,3
【秦彻x你】继兄的菟丝花,SteffenyW,43,782,3,2
秦彻也会在意空调温度,nanabala,70,"4,733",0,4
恋与深空秦彻GB—叛逃,yean321,37,"2,270",1,0
【秦彻】他的终日梦想曲,Orange_Rose0306,19,369,4,2
【秦彻】强制性运动疗法,Ashac654321,74,"3,366",62,4
【秦彻】暗点三日调教日记,aimu521,5,964,0,0
【秦彻】为什么衣柜打不开,ciliiii,55,"1,944",5,2
值此百年 秦彻x你（公主）,Huaixym12,2,153,0,0
【恋与深空】秦彻—寂影沉沦,Bknucver11618,27,"3,586",2,1
【沈星回&秦彻x你】菟丝花,Autumn_CL,29,727,2,2
【秦彻x你】跨越时光的恋人,SteffenyW,104,"1,567",11,7
【秦彻GB/女A男O】缺水事故,linezone,76,"2,274",7,10
【秦彻乙女】300秒缪斯狂想曲,NeverRain,11,404,2,1
【薛明薛影/秦彻X你】训犬,Hakarin,64,"3,871",5,5
【秦彻】在浴室的情侣游戏,Fawnchow,28,"1,297",1,0
[秦彻]出差五天后的Phone Sex,miaoHaveCat,39,"1,227",6,5
【恋与深空/七夕预热】秦彻,Aninfing,41,"1,672",0,0
【秦彻X你】食品安全手册,SaintVata,52,"1,508",3,2
【恋与深空／秦彻x你】《纹身》,xiyuyouyuan,42,"1,287",3,9
【恋与深空/秦彻】暗点打手,Yucca_HuaMuSheng,2,343,0,0
【秦彻·失落绿洲 | 扩车】觅水,Langzhy,65,"1,326",5,2
酒后狂欢之徒-秦彻x你,CheRin0Dee,3,712,0,0
【恋与深空】（秦彻X你）帮我,pulushu,107,"2,342",4,6
【恋与深空/秦彻】醉意朦胧,evakaneshiro,159,"5,086",9,11
【恋与深空秦彻】谁是猎人,LikeRainyDay,51,"1,608",5,1
【秦彻】血系evol的百种用法,wanzeshi,24,"2,367",1,0
和暗点大佬秦彻在一起后,stayen007,20,"2,159",2,1
【秦彻x你】总统套房秘事,LOVELYLICORICE,66,"2,272",1,5
【星鸦】秦彻物料偷跑前6h,orphan_account,14,597,4,0
【沈星回&秦彻x你】菟丝花,Autumn_CL,29,727,2,2
【秦彻x你】跨越时光的恋人,SteffenyW,104,"1,567",11,7
【秦彻GB/女A男O】缺水事故,linezone,76,"2,274",7,10
【秦彻乙女】300秒缪斯狂想曲,NeverRain,11,404,2,1
【秦彻x你】跨越时光的恋人,SteffenyW,104,"1,567",11,7
【秦彻GB/女A男O】缺水事故,linezone,76,"2,274",7,10
【秦彻乙女】300秒缪斯狂想曲,NeverRain,11,404,2,1
[秦彻x你X查理苏] 平行线,BurningRum,231,"7,251",26,21
【秦彻x你】躺在你的衣柜,duelo717,32,"2,042",0,1
【秦彻】野狗和他的训犬师,reunion_caca,27,"1,833",0,0
【秦彻】和暗点大佬的日与夜,Goldfishdrew,100,"4,500",9,7
秦彻《不设防禁区》卡面扩写,happy365,3,359,0,0
【秦彻】爱上了死对头怎么办,cindyyy6,10,678,0,0
【秦彻X你】肉肉短打合集,chuchu0306,23,881,0,1
【秦彻X我】新葡京一夜情,Club66,78,"4,126",8,11
【秦彻】沙包玩具性化指南,Hezoe_523,32,"4,182",3,0
【秦彻】别人知道暗点老大秦彻私底下竟然是这个样子吗？,kojimashiori,24,"2,330",0,1
[恋与深空]他抓到你了（秦彻）,Minami87,52,"8,314",0,0
森林深处 西幻Au（秦彻x你）,JingSui,18,743,1,0
【秦彻x你】枪械保养与使用,Mr_Yisudy,12,399,0,0
秦彻，我想，我决定忘记你了,MaoCiao,7,303,0,0
当你不吃早饭秦彻的反应,Lynnhe,6,578,0,1
【秦彻×你】离开欧麦拉城的人,loriiy,6,364,0,1
【秦彻x你】漂亮宝贝不干了,SugarDowney,87,"2,153",2,3
森林深处 西幻Au（秦彻x你）,JingSui,18,743,1,0
【秦彻x你】枪械保养与使用,Mr_Yisudy,12,399,0,0
当你不吃早饭秦彻的反应,Lynnhe,6,578,0,1
【秦彻×你】离开欧麦拉城的人,loriiy,6,364,0,1
【秦彻x你】漂亮宝贝不干了,SugarDowney,87,"2,153",2,3
「你x秦彻」只是生理上的喜欢,Goodluckwhale,27,"1,268",2,0
秦彻X你｜是敌人也是爱人,Littlefishy,11,"1,950",0,0
［恋与深空/秦彻×你］驯犬游戏,Caonini,178,"6,220",3,13
你X秦彻 gb文 sp/捆绑/后入,wuyuyinyinzi,45,"3,851",0,0
秦彻，我想，我决定忘记你了,MaoCiao,7,303,0,0
【图】双执事服务（沈星回/秦彻/你）,sxh_moon,45,"2,129",6,0
【秦彻x你x夏以昼】放学别走,HeavenMod,27,"1,958",0,5
【恋与深空】秦彻x你｜亲临指导,HotBrewColdIce,20,"2,102",0,0
【秦彻】再硬的人嘴巴也是软的,Joyce_418,26,903,0,0
【恋与深空|秦彻】记一次分房睡,Sylapnrm,73,"1,734",1,3
【秦彻x你】一直做到海水变蓝,Muffinroro,24,"1,578",3,3
【秦彻】共鸣药吃奶强制杀了我,千纸鹤 (Paperflyingly),161,"4,899",17,11
【秦彻】五次喵喵牌和一次打赌,onceintwobluemoons,118,"3,441",21,14
【秦彻x你】他的名字是你起的,duelo717,16,418,0,0
【秦彻x你】 香息萦绕 恋与深空,Shu_zi,12,575,0,0
【恋与深空 秦彻x你】体罚游戏,cechengfeng,173,"6,137",5,19
【秦彻梦女向】你输了，他玩儿你,alionaaaa,13,"1,807",0,0
【恋与深空】秦彻，我要做你的狗,aimu521,36,"4,990",4,3
【秦彻 x 你】一个月不见的惩罚,SugarDowney,62,"1,446",2,2
秦彻｜红色的眼睛是赤色的心,withAshuu,442,"15,925",46,34
【秦彻x你】逢场作戏 （恋与深空）,Shu_zi,11,401,0,0
【秦彻×你】（ABO）糟糕！发热期提前了！,NightyK,81,"4,301",6,4
【秦彻】斗兽场（黑街大佬x忠犬）,kuroshima678,17,413,4,2
【秦彻/你】这是什么？前任，操一下,nowayisoneway,163,"3,717",13,26
杀手你接到一份委托——暗杀秦彻,Tugou123,3,217,0,0
【秦彻】再硬的人嘴巴也是软的,Joyce_418,26,903,0,0
【恋与深空|秦彻】记一次分房睡,Sylapnrm,73,"1,734",1,3
【秦彻x你】一直做到海水变蓝,Muffinroro,24,"1,578",3,3
【恋与深空】秦彻x你 亲密度测试,yuzu_love,184,"5,573",9,13
【秦彻x你】 香息萦绕 恋与深空,Shu_zi,12,575,0,0
事已至此，先做爱吧（一）秦彻篇,remtene,28,863,5,3
【秦彻x我】糟糕！觉醒了魅魔血脉！,jijigugu,25,"1,004",9,1
秦彻GB｜成熟的猎人会自学成才,Antoniadao,70,"3,738",7,1
【秦彻x你】死敌就不能做爱了吗,Chibao404,91,"7,414",5,6
【恋与深空】爱囚（秦彻x你x沈星回）,peachoris,10,372,3,1
【秦彻x你 沈星回x你】囚人自囚,Molee,31,"3,577",0,2
爆米花味电影马拉松（秦彻x你）,pumpkinspecimen,47,673,2,0
【恋与深空】秦彻x你 亲密度测试,yuzu_love,184,"5,573",9,13
【秦彻】和未婚夫的朋友一夜情了,Beiyun,77,"2,849",7,3
【秦彻x我】糟糕！觉醒了魅魔血脉！,jijigugu,25,"1,004",9,1
秦彻GB｜成熟的猎人会自学成才,Antoniadao,70,"3,738",7,1
【秦彻x你】死敌就不能做爱了吗,Chibao404,91,"7,414",5,6
【秦彻x你】黑帮大佬是偷情圣体,Chibao404,260,"16,937",14,19
【秦彻&沈星回/你】不可能爱上他,SugarDowney,68,"1,129",10,6
【恋与深空】十日谈(秦彻×你)(黎深×你),未找到作者,25,"1,301",3,4
【你x秦彻】盲猜一些拍屁股文学,chocolatte2,5,"1,284",0,0
【黎深/秦彻/祁煜/沈星回】沉夜玫瑰,ran08200,5,337,0,0
【秦彻/你】特殊的共鸣训练（触手play）,Jamtaste,18,"1,723",0,0
【秦彻gb】非典型女王的手忙脚乱,linezone,130,"2,493",17,9
摩天轮的咒语是亲吻（秦彻x你）,pumpkinspecimen,20,406,0,1
【秦彻】你快要受不了你的炮友了,Moutneousn,72,"2,109",5,8
【秦彻✖️你】不做爱就无法离开的房间,24731,8,"2,254",0,1
【秦彻X你】真的不能给宿敌当狗吗,Hakarin,40,"1,776",2,3
【秦彻】像他这样的人也会被驯服吗？,Absurdwu,12,468,0,0
【秦彻】男人只会影响她拔枪的速度,S_u_S,42,726,13,2
「秦彻」猎人小姐突然变猫了怎么办,unknownbiubiumo,529,"12,521",81,43
【恋与深空】爱囚（秦彻x你x沈星回）,peachoris,10,372,3,1
【恋与深空】放轻松，你承受得住（秦彻）,yunyun7,19,"4,758",0,0
如果秦彻是你的亲哥哥【骨科预警】,Amor_thecreator1012,1,17,0,0
【恋与深空/秦彻】打完再踹相亲又相爱,forest9,26,"2,027",0,2
【秦彻GB/女A男O】疼痛性过度依赖,linezone,58,897,12,4
【秦彻X你】Sangria Trap||桑格利亚陷阱（持更中）,Foxyie_CzlhyA,2,164,0,0
【秦彻*你】<李涛>N109区是避暑胜地吗？,roofinblue,67,"1,767",8,5
【秦彻✖️你】不做爱就无法离开的房间,24731,8,"2,254",0,1
【恋与深空】（秦彻X你）恋爱之前只许边缘,pulushu,267,"4,733",17,31
【秦彻x你】每见你一次就攒上一颗宝石,duelo717,4,153,1,0
[恋与深空][秦彻]嗷呜嗷呜 (互动语音延伸),adline,14,842,0,0
【秦彻】关于他喜欢的性爱+约会日的早晨,未找到作者,26,"2,331",1,0
【秦彻gb/女A男O】你又不是什么娇弱Omega,linezone,115,"2,449",14,5
【秦彻✖️你】大小姐和她蓄谋已久的恶狗,24731,39,"2,035",2,3
恋与深空/秦彻x你x黎深，3p·爱的争锋,xi_ye,13,"1,514",0,1
你和秦彻是一种汉尼拔x史黛琳的关系,crispysharrk,2,149,2,0
[恋与深空][秦彻] 迷梦 (不设防禁区剧情延伸),adline,9,618,1,0
[恋与深空-秦彻]宝宝你是一颗车厘子布丁,adline,22,475,4,2
【你x秦彻】建设一下死去的年下小狗文学,chocolatte2,4,385,0,0
【秦彻】关于我把艳遇对象睡成老公这件事,DoggyceneKS,36,585,7,5
你和秦彻是一种汉尼拔x史黛琳的关系,crispysharrk,2,149,2,0
【秦彻】我说如果我们都能再勇敢一点就好了,Dragonape,23,307,4,3
[恋与深空-秦彻]宝宝你是一颗车厘子布丁,adline,22,475,4,2
【你x秦彻】建设一下死去的年下小狗文学,chocolatte2,4,385,0,0
你出轨黎深跟秦彻搞在一起/请自行避雷,Jiubottle,19,749,3,0
【秦彻 x 你】世界上最后一只恶龙（龙塑）（一发完）,SugarDowney,71,857,5,7
【恋与深空 主控x流浪体化的秦彻】链式反应,aimu521,1,583,2,0
【恋与深空 秦彻X你】和猎物小姐的初次性爱,chuchu0306,3,247,0,0
【恋与深空 秦彻X你】不听话就做到高潮为止,chuchu0306,14,"1,071",0,0
【秦彻】什么？一夜情对象居然是对家公司的头儿？,aichihuojimian,109,"4,791",4,2
【秦彻×你×沈星回】雨夜，你浑身是血倒在死敌门前,Alexia990322,74,"4,171",2,3
【图】秦彻/看清楚了吗？这才是你内心真正的欲望,sxh_moon,46,"2,402",6,0
【恋与深空 秦彻X你】分手前夕的最后一次狂欢夜,chuchu0306,19,"1,047",0,0
【恋与深空】那咱们仨就好好过呗（秦彻x黎深x你）,Barbara105,91,"3,651",7,4
【秦彻/薛明薛影x你】老大的女人真的碰不得么？,YuffieZ,774,"25,602",37,70
【恋与深空 秦彻X你】evol失控后满脑子只想着做爱,chuchu0306,20,"1,643",0,0
【秦彻gb/女A男O】有些Omega天生就不需要怜香惜玉,linezone,161,"3,248",14,15
【恋与深空 秦彻X你】被头锤攻击要在泳池做爱才能好,chuchu0306,6,902,0,0
【秦彻x我x黎深】被黑帮老大包养后我遇见了白月光,fourspring,999,"30,384",330,72
【恋与深空 秦彻X你】就这样去驯服他，哪怕已经要到高潮,chuchu0306,11,734,0,0
野性难驯,Blue_Wilde,51,"1,234",6,4
陌生人,Blue_Wilde,57,"1,771",3,1
对镜,YaowanQC,9,536,0,0
真乖，小狗,yuelisidi,16,526,0,0
【秦徹】諸行無常,SP9,17,874,0,0
唇齿之下,snowailisen,4,439,2,0
小心思,Jiubottle,9,765,0,0
入心血,luoyin,11,424,0,1
呼吸,Pearl_wall,4,140,0,0
【秦徹】叫姐姐,Remo_0625,9,249,0,0
口是心非,Kiki1582,75,"6,540",2,6
多谢款待,Gulu018,11,"1,182",0,0
暗点老大x科学家猎人小姐,Jamtaste,5,148,0,0
冰块味羽毛,未找到作者,21,"1,026",1,1
生日愿望,NightyK,14,"1,807",2,0
炙热游戏,YaowanQC,18,961,2,0
【黎彻】rumors,baishuibaishui,20,"1,231",7,2
【恋与深空】拿到那枚胸针,peachoris,230,"2,446",10,7
初见之后,LUELUE0118,17,"1,025",0,1
口是心非,Kiki1582,75,"6,540",2,6
初见之后,LUELUE0118,17,"1,025",0,1
冰块味羽毛,未找到作者,21,"1,026",1,1
【秦徹】傷,Remo_0625,16,465,2,0
小侠,sweetmoisten,7,242,4,0
不设防但骑马,yayalover,15,783,0,0
玫瑰与枪,Ternuramoon,10,454,0,1
暗恋成真,LunaQuester,39,"1,339",2,0
【祁煜】暗夜流火,Orange_Rose0306,264,"9,416",76,18
囚笼（未）,SellingFriedRice,1,77,0,0
【秦徹】蔽,Remo_0625,19,722,0,0
凑芳怀,Eternalbubble_4,55,"2,941",2,7
不设防禁区（pv/卡面扩写）,blankunknown,34,"2,130",0,2
车,Gulu018,23,"2,965",0,0
饲养（未）,SellingFriedRice,8,433,0,0
爱比雨夜潮湿,kechuyigepaotandechuntian,15,"1,146",0,0
哄哄,moon_dumpling,84,"1,837",1,2
亵渎,Blue_Wilde,93,"4,790",6,4
【回彻/星鸦/鱼鸦】饕餮盛宴,未找到作者,51,"1,957",10,4
【秦徹】疊浪,Remo_0625,34,"1,096",1,0
当梅菲斯特会说人话,MaoCiao,9,249,2,0
爱比雨夜潮湿,kechuyigepaotandechuntian,15,"1,146",0,0
蓝桉与释槐鸟,yikuaiwuhuarou,56,432,22,7
奶酪陷阱,BuzhibaiTT,11,597,5,1
【秦徹】傷,Remo_0625,16,465,2,0
咬人处罚,qingxifish,23,"2,034",0,1
错误,SolarSea,45,"1,522",8,4
你当如轻羽再临,未找到作者,1,116,0,0
【回彻/星鸦】小白兔向导的真面目是？,baishuibaishui,105,"2,714",50,8
【薛彻/明彻影】舔,ssserenade,61,"3,935",24,2
午夜宴会,Lujingrong03,10,"1,453",2,1
引火（婚后/daddy彻）,Anchortram,176,"9,974",8,24
重逢,chocolate_cookie9,31,"2,358",1,1
【祁煜】暗夜流火,Orange_Rose0306,264,"9,416",76,18
笼中夜,moon_dumpling,146,"6,335",10,10
【戀與深空｜秦徹x獵人小姐】經期勿擾,lazyevalina,16,317,2,1
午夜宴色（未）,SellingFriedRice,2,368,0,0
【回彻/星鸦】桃色邀约,Black_Fakelove,42,"1,161",0,0
诡计多端的相处模式评分表,yumpkklilo,33,684,1,1
露台·晨曦将至,YaowanQC,25,"1,223",2,0
错误,SolarSea,45,"1,522",8,4
刺杀不死者,kokonana,84,"1,915",4,5
【回彻/星鸦】不稳固三角形,未找到作者,44,"1,433",21,4
你当如轻羽再临,未找到作者,1,116,0,0
还吻,baicaixigua,44,617,0,6
饮鸩止渴,Skygfish,372,"10,137",138,27
【彻回/鸦星】巴甫洛夫的兔子,未找到作者,40,871,3,3
欲壑难填,Goodluckwhale,81,"5,585",2,5
睡前短打,chuxiao657,7,437,0,0
先做后爱,HasegawaYayoi,219,"6,548",42,22
要么就一如既往非常听话不敢乱动小狗,chocolatte2,2,812,0,0
【彻回/鸦兔】明暗之外,dobbyeslibero,33,843,1,0
引火（婚后/daddy彻）,Anchortram,176,"9,974",8,24
【回彻/星鸦】夜袭,baishuibaishui,189,"5,738",141,15
【恋与深空】宿敌是不可以上床的,Silanna,27,"1,907",0,1
【戀與深空｜秦徹x獵人小姐】經期勿擾,lazyevalina,16,317,2,1
真猫假猫！,autumnfish0122,24,"1,440",3,0
【彻回/鸦星】临界反应,wekijaki,32,809,2,1
夜袭•欲望盛宴,Sutasy,30,900,0,2
笼中夜,moon_dumpling,146,"6,335",10,10
【回彻/星鸦】夜袭,baishuibaishui,189,"5,738",141,15
如果爱忘了,yujingzheng,10,221,0,0
【恋与深空】宿敌是不可以上床的,Silanna,27,"1,907",0,1
【戀與深空｜秦徹x獵人小姐】獨居在外要小心,lazyevalina,24,333,4,0
【彻回/鸦星】临界反应,wekijaki,32,809,2,1
夜袭•欲望盛宴,Sutasy,30,900,0,2
心痒,SuMing1105,24,498,12,2
一丝不挂,lozlover,83,"3,625",1,8
【哥x黎】追星爱情,ELTH77,15,446,0,0
刺杀不死者,kokonana,84,"1,915",4,5
绯闻投资人,yyyyloveu,32,"2,159",0,6
有效冷战,HelloMoto0914,54,"1,744",19,4
【回彻/星鸦】第一次把暗点老大肏了,NoireXD,5,452,0,1
【鸦鱼/PWP】假戏真做,Dr_xiao233,37,"1,167",7,4
短篇存档,lozlover,4,337,0,0
红月,nhhfbsq,7,527,0,0
【彻回/鸦星】双重禁锢,D_Young,13,335,1,1
逃跑后被两个顶级主人囚禁了（二）,12coolcool,73,"4,837",5,4
乳钉,Jiang_chi,11,301,5,0
【戀與深空｜秦徹X獵人小姐】室內社交距離應保持1.5公尺,lazyevalina,13,317,0,0
小小鸦日记,yujingzheng,11,217,0,0
【彻回】猎物2,Suu_ouo,11,821,0,2
非常规挺入·约定,Fluoriteum_zz,11,572,0,0
真猫假猫！,autumnfish0122,24,"1,440",3,0
初吻,HasegawaYayoi,26,"1,632",5,0
daddy久别重逢,mojiuxiaobaobei,17,"1,366",0,1
宿敌一百三十五日,lingomanda,102,"5,600",2,20
【彻回/鸦星】暗点首领会养兔子吗,zhu352691923,25,878,0,0
最近你迷上一个地下拳击手,nanabala,21,719,3,5
【回彻/星鸦】Alphabet Challenge,ObliviateX,25,559,6,1
纵情狂欢（续）,YaowanQC,15,575,6,1
【彻回】猎物1,Suu_ouo,5,712,0,0
小猫神,Jiang_chi,21,304,2,2
非常规挺入·还礼,Fluoriteum_zz,12,830,0,0
【彻回/鸦星】狩猎之日,未找到作者,82,"2,557",18,2
【彻回/鸦星】巴甫洛夫的兔子,未找到作者,40,871,3,3
夜色如醉,L1993,118,"3,352",12,18
上锁的房间（未）,SellingFriedRice,2,319,0,0
生生世世,SuMing1105,5,480,2,0
【戀與深空｜秦徹X獵人小姐】請支援訂房,lazyevalina,9,222,0,0
【彻回/鸦星】槲寄生下的死对头,未找到作者,16,242,2,0
成人礼,SuMing1105,25,"1,604",2,0
纵情狂欢（续）,YaowanQC,15,575,6,1
非常规挺入·合作,Fluoriteum_zz,16,"1,118",0,0
初吻,HasegawaYayoi,26,"1,632",5,0
【彻回/鸦星】生花,未找到作者,36,547,5,2
不凑巧,BEchoAN,48,818,3,1
优质利用（未扩写）,SellingFriedRice,1,43,0,0
夜色如醉,L1993,118,"3,352",12,18
非常规挺入·还礼,Fluoriteum_zz,12,830,0,0
宿敌一百三十五日,lingomanda,102,"5,600",2,20
落于无尘,nanabala,48,"2,337",0,2
【彻回/鸦星】暗点首领会养兔子吗,zhu352691923,25,878,0,0
入套,xiaohuailll,6,155,0,0
【戀與深空｜秦徹X獵人小姐】請支援訂房,lazyevalina,9,222,0,0
【彻回/鸦星】诺亚方舟,未找到作者,24,267,2,1
【回彻/星鸦】Alphabet Challenge,ObliviateX,25,559,6,1
【彻回/鸦星】监视上瘾,未找到作者,18,419,1,1
【彻回/鸦星】不公平的对弈,未找到作者,98,"2,356",9,8
【彻回】血月,未找到作者,68,"1,338",16,2
【彻回/鸦星】星夜叙曲,未找到作者,15,435,0,0
【戀與深空｜秦徹X獵人小姐】請支援訂房,lazyevalina,9,222,0,0
【彻回/鸦星】诺亚方舟,未找到作者,24,267,2,1
【回彻/星鸦】Alphabet Challenge,ObliviateX,25,559,6,1
【彻回/鸦星】监视上瘾,未找到作者,18,419,1,1
【彻回/鸦星】不公平的对弈,未找到作者,98,"2,356",9,8
【彻回】血月,未找到作者,68,"1,338",16,2
上锁的房间（未）,SellingFriedRice,2,319,0,0
生生世世,SuMing1105,5,480,2,0
【恋与深空】引燃,yandear,86,"6,208",1,1
【回彻】暗点首领的秘密,clin_f,21,"2,270",3,2
第六扇衣柜（未）,SellingFriedRice,2,376,0,0
【恋与深空】18岁的生日愿望是永远离开夏以昼,Effilist,13,449,0,1
非法同居,SuMing1105,41,"1,782",9,6
试用课程（未扩写）,SellingFriedRice,0,70,0,0
暗点老大在我的床上做狗,zifan,29,"2,997",1,0
【戀與深空｜秦徹X獵人小姐｜H】〈Play with fire〉,lazyevalina,34,"1,376",0,1
【GB】事已至此,haru_co,16,765,5,0
反制驯服（未扩）,SellingFriedRice,1,146,0,0
焰尾鱼,IrisShahn,12,"1,436",2,1
反制驯服（未扩）,SellingFriedRice,1,146,0,0
焰尾鱼,IrisShahn,12,"1,436",2,1
暗点乌鸦也会有触手Evol吗？,TakayoWhite,31,"2,313",7,3
【彻回】无题,doawaitforme,111,"4,595",24,3
【彻回/鸦星】眸光何处,未找到作者,81,"1,934",16,2
烈女,XiaLiShelly,5,762,0,0
和小狸花同居,5haw,55,"1,076",2,2
【鸦星/彻回】穿上衣服谁也不认识谁,erziliu,34,"1,183",6,3
【鸦鱼/ABO】利莫里亚小女仆,Dr_xiao233,49,"1,505",0,3
Withered Feather/枯萎之羽,Verloreneseelen,8,952,0,2
【秦徹x你】女朋友生氣了怎麼哄（上）,Chron0x,22,"1,238",1,0
【放个标签还没写完】,RainrainLalaland,7,450,0,1
【恋与深空】囚,smallcircle,286,"14,576",3,6
论共鸣evol的正确使用方法,melongliyu,72,"3,164",10,6
【彻回/暗光】往事,未找到作者,4,300,0,0
【彻回/鸦星】关于他和他的几件小事,未找到作者,12,323,1,1
For Night,Yuliya817520,16,"1,067",4,2
难捱【薛明薛影x我】,chujingmao,229,"7,076",42,17
【彻回/鸦星】做恨小技巧,IshipSyvier,45,"2,151",1,2
【彻回/论坛体】818某男团设定宿敌的两人,未找到作者,8,278,0,0
【彻回/论坛体】🐶日的男铜把钱还我,未找到作者,5,340,1,0
【彻回/鸦星】做恨小技巧,IshipSyvier,45,"2,151",1,2
【回彻】绿洲俘获时,clin_f,22,901,8,0
和小狸花同居,5haw,55,"1,076",2,2
我不准你们再开趴,hawthorneking,26,"1,779",2,0
狸花猫观察手记,BAILUOBEI,16,707,3,0
危险礼物（未）,SellingFriedRice,0,170,0,0
【恋与深空 ｜🌟🐟🐦】爱欲之海,Peipei_Sheng,194,"6,012",21,10
回到未来,Varacolaci,47,"1,736",6,5
绯闻投资人,yyyyloveu,47,"1,572",0,6
吸血鬼派对（未）,SellingFriedRice,0,147,0,0
【鸦鱼七夕贺文】三日情人,Dr_xiao233,11,510,2,2
七夕节礼物,canghaole,18,"1,230",0,0
信息素安抚（续）,WwwlwwW,11,"1,197",0,1
恋与催眠,harumasaki,506,"25,349",18,42
【彻回】我们,Suu_ouo,3,175,0,0
雪夜玫瑰,SSSiren,45,825,6,5
逆流,Dolce1010,12,678,2,1
跟N109区爆了,Feng_zi,27,"1,077",6,1
纵情狂欢,YaowanQC,12,636,8,1
【鸦鱼七夕贺文】三日情人,Dr_xiao233,11,510,2,2
被黑帮老大强制睡后,Marius_Princess,21,"2,759",3,1
【彻回】爱与恨,Suu_ouo,11,479,1,0
战利品,melongliyu,44,"2,083",6,5
【恋与深空】四人行,sanfenre_niupai,42,"4,867",0,1
【回彻/星鸦】骨科by燃青,baishuibaishui,15,571,4,0
凉,Primrose49,50,"1,541",3,1
【恋与深空】他们热衷的性爱场所,ChenBoLa,197,"24,823",1,6
《养女》,canghaole,11,731,0,0
《破窗》,Js_Cxxi,12,515,0,2
久别重逢,Y1lolitut,23,"1,359",0,1
【彻回】【ON AIR】猎兔屋,shootingstars16,47,762,3,0
酩酊大醉,Dougo,10,664,2,0
跟N109区爆了,Feng_zi,27,"1,077",6,1
if 久候狂欢之徒,Dolce1010,7,463,0,0
非常规挺入·黏腻,Fluoriteum_zz,22,"1,222",0,0
小狸猫和大灰狼,mandyS00,13,773,0,0
和同事聚餐不小心喝醉 （完）,kokoichi,1,248,0,0
【彻政】君恩（abo）,yushan4407,18,872,2,3
【恋与深空】在临空做魔法少女的那些年,Pcnini,99,"3,282",11,10
非常规挺入·黏腻,Fluoriteum_zz,22,"1,222",0,0
愿逐月华流照君,Jiangyuehenianchuzhaoren,9,"1,283",0,0
龙舌兰日出,ChAchAwithz,48,"2,663",5,7
拙,Summerdaylight,484,"15,140",73,47
爱人错过,yujingzheng,4,90,0,0
酩酊大醉,Dougo,10,664,2,0
【哥梨鸦×你】动态平衡,Putaonut,24,806,2,1
假日旅行,tocolate,68,"3,726",4,4
猫捉耗子,ssssinoenyi,13,"1,124",0,0
谁是猎手【恋与深空】,LIULUOSU,24,"1,142",2,1
欢愉,sly197551,83,"4,181",5,13
【恋与深空】监狱,winekirkland,47,"2,602",0,0
【恋与深空】短打合集,BEchoAN,51,"2,304",0,1
【恋与深空 ALL】明天从塔顶坠落,Auaurr,123,"5,080",49,15
关于早起后穿了他的衣服这件事,Q_X,81,"4,699",0,1
【恋与深空】下流情欲（全员）,Xzwasmdd911,27,668,6,3
和同事聚餐不小心喝醉的你,kokoichi,2,157,0,0
恋与深空｜难恕,Flaustine,"1,733","41,772",87,79
[恋与深空]衣帽间会长出乌鸦吗？（秦你夏）,Minami87,16,"2,162",0,1
一般温良乙小妹,orphan_account,3,484,0,0
一般温良乙小妹,orphan_account,3,484,0,0
[恋与深空all向]生理期被误以为发情了怎么办,wxy218,35,"4,959",1,0
【桧构桧】挟天子,AsakaMiya,5,670,1,1
停氪只是我和乙游男主play的一环,TW01,41,"3,980",3,2
半透明侵占,aichihuojimian,212,"7,155",2,9
野火【1】,Lovesleep,2,73,0,0
【all我】情热,Qara_10,192,"6,171",10,25
[恋与深空]突然变成魅魔了怎么办,wxy218,420,"11,315",5,10
蜜月,Miraitowa_memory,113,"7,333",21,21
《异化之地》,canghaole,8,705,0,0
【恋与深空 鸦 鱼】你是谁的保镖小姐,aimu521,6,"1,003",1,0
[彻政]月光情人,猪瘟文学爱好者 (zhuwenaihaozhe),34,"1,614",0,1
惩罚（未）,SellingFriedRice,5,611,0,0
乌鸦饲养守则,melongliyu,42,"1,985",6,4
【彻政】画中仙,nowanymore,70,"1,818",5,4
【恋与深空GB】临空市海王,buyan,374,"10,006",55,28
【恋与深空/七夕预热】沈星回,Aninfing,58,"2,092",4,0
来到你的世界,StarfishnCrow,9,214,2,0
黑云压城,Antova0106,33,"2,062",0,3
【恋与深空/GB】过个嘴瘾,hujiujiujiuzhi,1,264,0,0
【恋与深空】我的23岁男房客,lumianlin,94,"1,952",22,10
幻日,临空掌管老式煤气灶的大乱炖厨子 (AstoriaLin),0,124,0,0
恋与深空剧情分析,Virva,34,"1,239",0,0
Lullaby,iamHsuan,12,281,3,0
【恋与深空/七夕预热】祁煜,Aninfing,37,"2,025",0,0
【恋与深空】全员向 穿梭的你,LilyL_216,42,"1,532",0,5
「恋与深空」《上瘾》,TingY7ii,283,"10,210",9,23
【恋与深空 主控黑化】黑色曼陀罗,aimu521,17,"1,010",2,0
Love in da Divorce,teateariye,95,"2,609",6,3
【恋与深空】隔墙花,lumianlin,"3,846","72,129",222,146
【沈星回】Sapphire,LinzL,27,"1,110",0,0
【夜宴迈巴赫】黎深/沈星回第一篇已完结,秦桑 (Isotope12),"1,102","40,364",16,30
唯一的姐！,orphan_account,1,644,0,0
【诱惑】,Lilianisakitten,5,270,0,0
灭螂药,orphan_account,9,648,0,0
《我是深空万人迷》,AS772,32,"1,874",21,5
“该离开乙游的是你们乙小妹吧”,orphan_account,31,904,0,0
七夕卡面延伸（未）,SellingFriedRice,7,"1,221",0,0
幻象诱捕,llAstra37ll,89,"3,529",9,7
鸦头与猎人小姐的365天,eryngoblade,3,144,0,1
【祁煜】嘉兰,wangshuwanzhao,16,601,1,1
Dirty Dice,YvonneWen,7,"1,023",0,1
穿越恋与深空之直面修罗场,Rmthedg,53,"1,780",11,5
驯豹,LexyTH,6,601,3,0
[刘嬴]神殿之下,Shu_ziYan,15,"1,420",0,2
【武华】天降情缘,Earl_see_the_world,0,333,0,0
【夏以昼&我】伥鬼,flame0A0,9,632,3,1
Sylus: Memoria,sutabakkusu,347,"8,441",25,35
Trouble in Paradise [Sylus x GenderNeutral!Reader],TojiFushiguro,4,126,0,1
【恋与深空】水煎包合集,Afterglow0222,45,"4,494",0,3
《兵符》,Fansile_L,2,823,0,0
太平,Sotai_Miyabi,0,44,0,0
蟑螂药,orphan_account,4,988,0,0
【彻回】清算日,jmann,29,445,0,0
光夜/深空GB 剥夺,JL0919,20,589,5,1
【恋与深空ALL&我】猎人小姐的站街日记,flame0A0,267,"7,853",66,26
光夜/深空GB 搞点赛博炮友转正,JL0919,21,521,7,4
【深空全员】《小狗塔罗》,Hezoe_523,41,"4,692",1,0
光夜/深空 炖肉三十题GB版,JL0919,59,"3,001",13,8
【深空全员】《小狗禁食期》,Hezoe_523,"1,154","103,809",242,115
光夜/深空GB 标记他吧,JL0919,44,"1,388",6,6
【黎深】和司命大人的日与夜,Goldfishdrew,111,"4,727",2,5
[刘嬴/嬴刘]咸阳假日,Shu_ziYan,4,271,0,0
【恋与深空】你们拥有同一只性瘾小狗,Hezoe_523,271,"27,196",18,41
卑劣,Ofrian,28,"3,206",4,3
怀璧,Tata_Squirrel,33,"1,584",0,3
前排兜售灭蟑螂药消毒水,orphan_account,31,"1,453",0,0
踩,orphan_account,15,"1,056",0,0
总体来说情感交流更加重要,xdkk0609,27,"1,064",6,5
【淮翊】夜深花睡去,Jeccity1005,2,"1,037",0,0
愫姑娘在线耍酒疯,RuoyizhiXi,15,"1,742",0,0
【究惑】他，他。,Paraly,6,387,0,0
[彻政]青山客,Sue_K,3,158,0,0
生日夜，狂欢夜（上）,sugarett,6,986,0,0
[彻政]风流去,Sue_K,1,225,0,0
哀的美敦书,tfjds,143,"3,533",23,19
𝖒𝖔𝖙𝖍,aurenoelia,7,336,0,1
【恋与深空】同人｜哨向｜沈星回的场合 - 第一次跟猎人小姐精神链接,ClariceWen,4,268,0,0
【游淮】陇西行,faunozheng,0,90,0,0
全员恶人【恋与深空】,YayoiHomura,52,"2,063",3,3
获麟 3,BTPFM,16,"3,156",11,0
【政斯】秦总与李秘不得不说的二三事,Weiyang208,61,"4,770",4,6
【响盛】摩伊拉的积木6——黑船、黑箱、黑色与妻书,MENGMENG1,6,518,1,0
Drunk（深红）,IraShinking,76,"8,586",5,5
【龙蟒】一出喜剧,Arran82,30,"1,751",28,1
凤求凰,Chess_dove,100,"11,795",0,2
